run_id,severity,issue_code,issue_detail,affected_rows,pct_of_file,sample_asset_ids,suggested_fix
2025Q4_MVP,ERROR,MISSING_ASSET_ID,3 rows have blank asset_id.,3,0.05,"nan, nan, nan",Populate asset_id for every row (unique key).
2025Q4_MVP,ERROR,DUPLICATE_ASSET_ID,3 duplicated asset_id values found.,7,0.116667,"A0049, A0030, nan, nan, A0030",De-duplicate upstream or add lot/position suffix to make keys unique.
2025Q4_MVP,ERROR,INVALID_MARKET_VALUE,3 rows have market_value missing or <= 0.,3,0.05,"A0002, A0004, A0025",Fix pricing feed / ensure market_value parses to a positive number.
2025Q4_MVP,ERROR,INVALID_DURATION,3 rows have duration missing/negative/> 50.,3,0.05,"A0036, A0051, nan","Fix duration feed; ensure numeric years, not text/blank."
2025Q4_MVP,WARN,MV_BV_OUTLIER,1 rows have |MV-BV|/BV > 50%.,1,0.016667,A0004,Review units/currency; confirm pricing vs amortized cost is expected.
2025Q4_MVP,WARN,ASSET_TYPE_NOT_ALLOWED,"1 rows have asset_type not in ['bond', 'cash'].",1,0.016667,A0025,Normalize asset_type values (Bond/bond -> bond).
2025Q4_MVP,ERROR,RATING_NOT_MAPPED,1 rows have rating not mapped in credit_spreads_base.csv.,1,0.016667,A0031,Normalize ratings (AA-/AA+ -> AA) or expand spreads table.
