run_id,check_name,status,details
2025Q4_MVP,Inputs folder exists (axis_like_inputs),PASS,
2025Q4_MVP,Reconciliation folder exists (reconciliation_pack),PASS,
2025Q4_MVP,KPI dashboard created,PASS,
2025Q4_MVP,KPIs file created (kpis.csv),PASS,
2025Q4_MVP,Exceptions file created (exceptions_assets.csv),PASS,"errors=5, warns=2"
2025Q4_MVP,Attribution created (attribution_summary.csv),PASS,
2025Q4_MVP,Assumption diff report created (Phase 3),PASS,
2025Q4_MVP,Reinvestment inputs created (Phase 4),PASS,
2025Q4_MVP,Attribution reconciles to total surplus change,PASS,
