run_id,file_name,relative_path,sha256,bytes,generated_at_utc
2025Q4_MVP,kpi_dashboard.xlsx,kpi_dashboard.xlsx,646665074f3329d6359d199e40fdcd7bde9113e88a27902123076b192cdaf9a4,7805,2025-12-22T00:17:10.617057Z
2025Q4_MVP,assumptions_diff_report.xlsx,assumptions_diff_report.xlsx,efc0d1ce16f8579105ab2d7410eb890366a363bdceb9c7578ec422e03252e2b5,7704,2025-12-22T00:17:10.620662Z
2025Q4_MVP,reinvestment_inputs.xlsx,reinvestment_inputs.xlsx,d57d73d8d455ace0439fa4c0f82b380f1082d9a3d6eb9f09f506bcd5ea6e9a13,6086,2025-12-22T00:17:10.626041Z
2025Q4_MVP,kpis.csv,reconciliation_pack/kpis.csv,f5227a1130a509f780f7ffbe604878e62b8c2a241d6dea28a9b3adfd992888d5,214,2025-12-22T00:17:10.632784Z
2025Q4_MVP,exceptions_assets.csv,reconciliation_pack/exceptions_assets.csv,6c703be3bdddecfe4fe16ee36d35424b9234f095de2dc50e9a2d495316df1352,1225,2025-12-22T00:17:10.636677Z
2025Q4_MVP,attribution_summary.csv,reconciliation_pack/attribution_summary.csv,90e4ac1ccac79f7157ea7071035613d771d9804e0b3f3ff71b1f514585459176,269,2025-12-22T00:17:10.640290Z
